<Ui xmlns="http://www.blizzard.com/wow/ui/" xmlns:xsi="http://www.w3.org/2001/XMLSchema-instance" xsi:schemaLocation="http://www.blizzard.com/wow/ui/ ..\..\FrameXML\UI.xsd">

	<Script file="MonkeyLibrary.lua"/>
	<Script file="MonkeyGlobals.lua"/>

	<FontString name="MonkeyQuestMasterFont" virtual="true">
		<Color r="1.0" g="1.0" b="1.0"/>
		<Shadow>
			<Color r="0" g="0" b="0" />
			<Offset>
				<AbsDimension x="1" y="-1" />
			</Offset>
		</Shadow>
	</FontString>

	<FontString name="MonkeyQuestFont" inherits="MonkeyQuestMasterFont" font="Fonts\bLEI00D.TTF" virtual="true">
		<FontHeight>
			<AbsValue val="14"/>
		</FontHeight>
	</FontString>

	<FontString name="MonkeyQuestFontWide" inherits="MonkeyQuestMasterFont" font="Fonts\bLEI00D.TTF" virtual="true">
		<FontHeight>
			<AbsValue val="14"/>
		</FontHeight>
	</FontString>

	<FontString name="MonkeyQuestTitleFont" inherits="MonkeyQuestMasterFont" font="Fonts\bKAI00M.TTF" virtual="true">
		<FontHeight>
			<AbsValue val="18"/>
		</FontHeight>
	</FontString>

</Ui>
